-- inserts

INSERT INTO agricultor (id_agricultor, nome_completo, cpf, tipo_propriedade, caf, cep, complemento) VALUES
(1, 'José Roberto da Silva', '12345678901', 'Familiar', 'CAF12345', '50711010', 'Sítio Santa Luzia'),
(2, 'Maria Eduarda Pereira', '23456789012', 'Familiar', 'CAF23456', '50720310', 'Chácara Boa Vista'),
(3, 'Antônio Barros Neto', '34567890123', 'Pequeno Produtor', 'CAF34567', '50610220', 'Sítio Barros'),
(4, 'João Paulo Fernandes', '45678901234', 'Familiar', 'CAF45678', '50080000', 'Área Rural 12'),
(5, 'Carla Beatriz Moura', '56789012345', 'Familiar', 'CAF56789', '52041010', 'Fazenda Morada Nova'),
(6, 'Pedro Henrique Lira', '67890123456', 'Pequeno Produtor', 'CAF67890', '54753000', 'Sítio Lira'),
(7, 'Ana Raquel Gomes', '78901234567', 'Familiar', 'CAF78901', '53415020', 'Chácara Flor do Campo'),
(8, 'Rafael Matos Lima', '89012345678', 'Familiar', 'CAF89012', '53625040', 'Sítio Matos'),
(9, 'Cláudia Ferreira Rocha', '90123456789', 'Familiar', 'CAF90123', '53030300', 'Terreno 21'),
(10, 'Lucas Gabriel Torres', '01928374655', 'Pequeno Produtor', 'CAF11223', '50751010', 'Sítio Torres'),
(11, 'Juliana Andrade Souza', '10987654321', 'Familiar', 'CAF22134', '51030100', 'Rural Lote 8'),
(12, 'Bruno César Albuquerque', '11223344556', 'Pequeno Produtor', 'CAF33445', '50770000', 'Sítio Esperança'),
(13, 'Gabriela Tavares Lima', '22334455667', 'Familiar', 'CAF44556', '52080000', 'Chácara Lima'),
(14, 'Miguel Santos Duarte', '33445566778', 'Familiar', 'CAF55667', '52110000', 'Fazenda Santa Rita'),
(15, 'Fernanda Reis Costa', '44556677889', 'Pequeno Produtor', 'CAF66778', '54720000', 'Terreno Verde'),
(16, 'Eduardo Lopes Barbalho', '55667788990', 'Familiar', 'CAF77889', '53600000', 'Sítio Barbalho'),
(17, 'Larissa Monteiro Silva', '66778899001', 'Familiar', 'CAF88990', '53510000', 'Chácara Lago Azul'),
(18, 'Rodrigo Paiva Campos', '77889900112', 'Pequeno Produtor', 'CAF99001', '53060000', 'Sítio Campos'),
(19, 'Beatriz Mourão Leite', '88990011223', 'Familiar', 'CAF00112', '53530300', 'Área Rural 19'),
(20, 'Fábio Henrique Araújo', '99001122334', 'Pequeno Produtor', 'CAF11223', '53410210', 'Sítio Araújo');

INSERT INTO endereco_propriedade (id_endereco, logradouro, cep, bairro, numero, complemento, estado, ponto_referencia, fk_agricultor_id_agricultor) VALUES
(1, 'Sítio Santa Luzia', '50711010', 'Várzea', 'SN', '', 'PE', 'Perto da barragem', 1),
(2, 'Chácara Boa Vista', '50720310', 'IBURA', '45', '', 'PE', 'Próx. Escola Municipal', 2),
(3, 'Rua Rural 12', '50610220', 'Caxangá', 'SN', '', 'PE', 'Entrada antes da ponte', 3),
(4, 'Sítio Barros', '50080000', 'Centro', '33', '', 'PE', 'Ao lado do campo', 4),
(5, 'Fazenda Morada Nova', '52041010', 'Encruzilhada', '120', '', 'PE', 'Trilha de terra', 5),
(6, 'Sítio Lira', '54753000', 'Camaragibe', 'SN', '', 'PE', 'Após o posto BR', 6),
(7, 'Chácara Flor do Campo', '53415020', 'Paulista', 'SN', '', 'PE', 'Placa azul', 7),
(8, 'Sítio Matos', '53625040', 'Igarassu', 'SN', '', 'PE', 'Casa com portão verde', 8),
(9, 'Terreno 21', '53030300', 'Olinda', '21', '', 'PE', 'Em frente ao mercadinho', 9),
(10, 'Sítio Torres', '50751010', 'Afogados', 'SN', '', 'PE', 'Rua sem saída', 10),
(11, 'Lote 8 Rural', '51030100', 'Boa Viagem', '8', '', 'PE', 'Morro pequeno', 11),
(12, 'Sítio Esperança', '50770000', 'Madalena', 'SN', '', 'PE', 'Placa de madeira', 12),
(13, 'Chácara Lima', '52080000', 'Tamarineira', '30', '', 'PE', 'Cerca branca', 13),
(14, 'Fazenda Santa Rita', '52110000', 'Arruda', 'SN', '', 'PE', 'Perto da caixa d água', 14),
(15, 'Terreno Verde', '54720000', 'Camaragibe', '99', '', 'PE', 'Ponte de madeira', 15),
(16, 'Sítio Barbalho', '53600000', 'Igarassu', 'SN', '', 'PE', 'Km 12 da BR', 16),
(17, 'Chácara Lago Azul', '53510000', 'Abreu e Lima', 'SN', '', 'PE', 'Lago artificial', 17),
(18, 'Sítio Campos', '53060000', 'Olinda', '15', '', 'PE', 'Caminho estreito', 18),
(19, 'Área Rural 19', '53530300', 'Abreu e Lima', 'SN', '', 'PE', 'Final da estrada', 19),
(20, 'Sítio Araújo', '53410210', 'Paulista', 'SN', '', 'PE', 'Perto do açude', 20);

INSERT INTO perfil_sustentabilidade (id_perfil, data_geracao, arquivo_pdf, fk_agricultor_id_agricultor) VALUES
(1, '2024-01-10', 'perfil_1.pdf', 1),
(2, '2024-01-11', 'perfil_2.pdf', 2),
(3, '2024-01-12', 'perfil_3.pdf', 3),
(4, '2024-01-13', 'perfil_4.pdf', 4),
(5, '2024-01-14', 'perfil_5.pdf', 5),
(6, '2024-01-15', 'perfil_6.pdf', 6),
(7, '2024-01-16', 'perfil_7.pdf', 7),
(8, '2024-01-17', 'perfil_8.pdf', 8),
(9, '2024-01-18', 'perfil_9.pdf', 9),
(10, '2024-01-19', 'perfil_10.pdf', 10),
(11, '2024-01-20', 'perfil_11.pdf', 11),
(12, '2024-01-21', 'perfil_12.pdf', 12),
(13, '2024-01-22', 'perfil_13.pdf', 13),
(14, '2024-01-23', 'perfil_14.pdf', 14),
(15, '2024-01-24', 'perfil_15.pdf', 15),
(16, '2024-01-25', 'perfil_16.pdf', 16),
(17, '2024-01-26', 'perfil_17.pdf', 17),
(18, '2024-01-27', 'perfil_18.pdf', 18),
(19, '2024-01-28', 'perfil_19.pdf', 19),
(20, '2024-01-29', 'perfil_20.pdf', 20);

INSERT INTO estoque (id_estoque, quantidade_estoque, status_estoque) VALUES
(1, 120, 'disponivel'),
(2, 85, 'disponivel'),
(3, 40, 'critico'),
(4, 0, 'esgotado'),
(5, 300, 'disponivel'),
(6, 200, 'disponivel'),
(7, 15, 'critico'),
(8, 0, 'esgotado'),
(9, 50, 'disponivel'),
(10, 75, 'disponivel'),
(11, 20, 'critico'),
(12, 10, 'critico'),
(13, 500, 'disponivel'),
(14, 5, 'critico'),
(15, 0, 'esgotado'),
(16, 60, 'disponivel'),
(17, 140, 'disponivel'),
(18, 30, 'critico'),
(19, 250, 'disponivel'),
(20, 90, 'disponivel');

INSERT INTO insumo (id_insumo, tipo_insumo, cultura, variedade, quantidade_solicitada, fk_estoque_id_estoque) VALUES
(1, 'Semente', 'Milho', 'Híbrido 30F53', '10 kg', 1),
(2, 'Semente', 'Feijão', 'Mulato', '8 kg', 2),
(3, 'Adubo', 'NPK', '04-14-08', '5 sacos', 3),
(4, 'Adubo', 'Orgânico', 'Composto Verde', '12 sacos', 4),
(5, 'Semente', 'Mandioca', 'Aipim Branco', '20 kg', 5),
(6, 'Semente', 'Tomate', 'Santa Cruz', '3 kg', 6),
(7, 'Semente', 'Pimentão', 'Verde Híbrido', '2 kg', 7),
(8, 'Semente', 'Coentro', 'Verdão', '1 kg', 8),
(9, 'Adubo', 'Ureia', '45%', '4 sacos', 9),
(10, 'Semente', 'Abóbora', 'Jacarezinho', '6 kg', 10),
(11, 'Semente', 'Cebola', 'Roxa', '2 kg', 11),
(12, 'Semente', 'Cenoura', 'Brasília', '2 kg', 12),
(13, 'Semente', 'Batata-doce', 'Roxa', '25 kg', 13),
(14, 'Semente', 'Arroz', 'Sequeiro', '15 kg', 14),
(15, 'Adubo', 'Calcário', 'PRNT 80%', '8 sacos', 15),
(16, 'Semente', 'Alface', 'Americana', '1 kg', 16),
(17, 'Semente', 'Pepino', 'Caipira', '2 kg', 17),
(18, 'Semente', 'Melancia', 'Crimson Sweet', '10 kg', 18),
(19, 'Semente', 'Banana', 'Maçã', '30 mudas', 19),
(20, 'Semente', 'Cacau', 'Híbrido PH16', '40 mudas', 20);

INSERT INTO solicitacao (data_solicitacao, finalidade, area_plantio, data_plantio_ideal, fk_agricultor_id_agricultor, fk_insumo_id_insumo) VALUES
('2025-01-10','Plantio de milho',2.5,'2025-01-20',1,1),
('2025-01-12','Plantio de feijão',1.8,'2025-01-25',2,2),
('2025-01-14','Plantio de mandioca',3.2,'2025-02-05',3,3),
('2025-01-15','Plantio de hortaliças',1.1,'2025-01-30',4,4),
('2025-01-16','Plantio de milho safrinha',2.9,'2025-02-10',5,5),
('2025-01-20','Plantio de batata',1.5,'2025-02-04',6,6),
('2025-01-22','Plantio de abóbora',2.0,'2025-02-12',7,7),
('2025-01-25','Plantio de tomate',1.3,'2025-02-15',8,8),
('2025-01-26','Plantio de cebola',3.4,'2025-02-20',9,9),
('2025-01-28','Plantio de pimentão',2.8,'2025-02-18',10,10),
('2025-01-30','Plantio de melancia',4.0,'2025-02-25',11,11),
('2025-02-01','Plantio de alface',1.0,'2025-02-12',12,12),
('2025-02-03','Plantio de milho',3.1,'2025-02-28',13,13),
('2025-02-04','Plantio de cenoura',2.2,'2025-02-20',14,14),
('2025-02-05','Plantio de beterraba',1.9,'2025-02-22',15,15),
('2025-02-06','Plantio de repolho',2.3,'2025-03-01',16,16),
('2025-02-08','Plantio de melão',3.6,'2025-03-10',17,17),
('2025-02-09','Plantio de couve',1.7,'2025-03-05',18,18),
('2025-02-11','Plantio de rúcula',0.9,'2025-02-25',19,19),
('2025-02-12','Plantio de soja',4.5,'2025-03-15',20,20);

INSERT INTO logistica (cidade, forma_entrega, rua, cep, complemento, destinatario, telefone, previsao_despacho, fk_solicitacao_id_solicitacao) VALUES
('Recife','entrega','Rua A','50000000','Casa 1','João Silva','81999990001','2025-02-01',1),
('Olinda','retirada','Rua B','53000000','---','Maria Lima','81999990002','2025-02-03',2),
('Paulista','entrega','Rua C','53400000','Bloco 2','José Carlos','81999990003','2025-02-04',3),
('Jaboatão','entrega','Rua D','54000000','Casa 4','Ana Souza','81999990004','2025-02-06',4),
('Cabo','retirada','Rua E','54500000','---','Leonardo Alves','81999990005','2025-02-08',5),
('Recife','entrega','Rua F','51000000','Apto 301','Lucas Ferreira','81999990006','2025-02-10',6),
('Olinda','retirada','Rua G','53100000','---','Amanda Rocha','81999990007','2025-02-11',7),
('Paulista','entrega','Rua H','53410000','Casa 7','Marcos Pinto','81999990008','2025-02-12',8),
('Jaboatão','entrega','Rua I','54010000','Casa 2','Carla Nunes','81999990009','2025-02-14',9),
('Cabo','retirada','Rua J','54520000','---','Pedro Barros','81999990010','2025-02-16',10),
('Recife','entrega','Rua K','50700000','Casa 5','Rafael Santos','81999990011','2025-02-17',11),
('Olinda','entrega','Rua L','53020000','Apto 203','Larissa Dias','81999990012','2025-02-18',12),
('Paulista','retirada','Rua M','53420000','---','Eduardo Melo','81999990013','2025-02-20',13),
('Jaboatão','entrega','Rua N','54030000','Casa 8','Juliana Prado','81999990014','2025-02-21',14),
('Cabo','entrega','Rua O','54530000','Casa 6','Bruno Teixeira','81999990015','2025-02-22',15),
('Recife','retirada','Rua P','50600000','---','Tiago Azevedo','81999990016','2025-02-24',16),
('Olinda','entrega','Rua Q','53030000','Bloco C','Vitória Ramos','81999990017','2025-02-25',17),
('Paulista','entrega','Rua R','53430000','Casa 9','Samuel Dias','81999990018','2025-02-26',18),
('Jaboatão','retirada','Rua S','54040000','---','Felipe Gomes','81999990019','2025-02-27',19),
('Cabo','entrega','Rua T','54540000','Casa 3','Renato Farias','81999990020','2025-02-28',20);

INSERT INTO rastreamento (numero_rastreio, status_processamento, data_atualizacao, fk_solicitacao_id_solicitacao, fk_logistica_id_logistica) VALUES
('R001','pendente','2025-02-01 10:00:00',1,1),
('R002','em processamento','2025-02-03 11:20:00',2,2),
('R003','despachado','2025-02-04 09:30:00',3,3),
('R004','pendente','2025-02-06 08:15:00',4,4),
('R005','entregue','2025-02-08 14:45:00',5,5),
('R006','pendente','2025-02-10 12:10:00',6,6),
('R007','em processamento','2025-02-11 16:22:00',7,7),
('R008','despachado','2025-02-12 13:05:00',8,8),
('R009','entregue','2025-02-14 18:55:00',9,9),
('R010','pendente','2025-02-16 07:40:00',10,10),
('R011','despachado','2025-02-17 15:32:00',11,11),
('R012','entregue','2025-02-18 20:12:00',12,12),
('R013','pendente','2025-02-20 11:11:00',13,13),
('R014','em processamento','2025-02-21 17:05:00',14,14),
('R015','despachado','2025-02-22 10:10:00',15,15),
('R016','entregue','2025-02-24 13:55:00',16,16),
('R017','pendente','2025-02-25 09:20:00',17,17),
('R018','despachado','2025-02-26 14:33:00',18,18),
('R019','em processamento','2025-02-27 16:44:00',19,19),
('R020','entregue','2025-02-28 19:00:00',20,20);

INSERT INTO suporte (nome, email, cidade, telefone, estado, assunto, mensagem, data_envio) VALUES
('João Almeida','joaoa@example.com','Recife','81988000001','PE','Dúvida sobre cadastro','Não estou conseguindo atualizar meus dados.','2025-02-01 09:10:00'),
('Maria Lopes','marial@example.com','Olinda','81988000002','PE','Problema no login','Esqueci minha senha e não consigo recuperar.','2025-02-01 10:45:00'),
('Carlos Henrique','carlos.h@example.com','Paulista','81988000003','PE','Erro no sistema','A página de solicitação está travando.','2025-02-02 08:20:00'),
('Ana Paula','anap@example.com','Jaboatão','81988000004','PE','Suporte','Preciso de ajuda com a emissão do perfil sustentável.','2025-02-02 11:05:00'),
('Lucas Neri','lucasn@example.com','Cabo','81988000005','PE','Sugestão','Seria bom ter notificações por SMS.','2025-02-03 14:33:00'),
('Fernanda Silva','fersilva@example.com','Recife','81988000006','PE','Erro no rastreio','Meu código não aparece no sistema.','2025-02-03 17:55:00'),
('Rafael Gomes','rafaelg@example.com','Olinda','81988000007','PE','Informações','Como posso alterar meu endereço?','2025-02-04 12:44:00'),
('Juliana Araujo','julianaa@example.com','Paulista','81988000008','PE','Problema com entrega','Meu pedido não chegou na data prevista.','2025-02-05 09:21:00'),
('Eduardo Freitas','edu.f@example.com','Jaboatão','81988000009','PE','Dúvida','Quantos insumos posso solicitar por mês?','2025-02-05 15:15:00'),
('Carolina Dias','carold@example.com','Cabo','81988000010','PE','Feedback','Gostei do sistema, mas poderia ser mais rápido.','2025-02-06 08:40:00'),
('Tiago Moura','tmoura@example.com','Recife','81988000011','PE','Configurações','Não consigo alterar minha foto.','2025-02-06 16:18:00'),
('Bianca Rocha','biancar@example.com','Olinda','81988000012','PE','Ajuda','Como excluo uma solicitação antiga?','2025-02-07 07:50:00'),
('Henrique Pires','hpires@example.com','Paulista','81988000013','PE','Erro de atualização','O app fecha sozinho.','2025-02-07 11:33:00'),
('Larissa Farias','larissaf@example.com','Jaboatão','81988000014','PE','Informação','Qual horário de atendimento?','2025-02-08 13:12:00'),
('Marcos Silva','marcoss@example.com','Cabo','81988000015','PE','Problema','Recebi o insumo errado.','2025-02-08 15:30:00'),
('Priscila Souza','psouza@example.com','Recife','81988000016','PE','Ajuda','Não consigo anexar documentos.','2025-02-09 09:10:00'),
('Wesley Andrade','wandrade@example.com','Olinda','81988000017','PE','Falha no sistema','Está aparecendo erro 500.','2025-02-09 17:25:00'),
('Gabriela Melo','gmelo@example.com','Paulista','81988000018','PE','Mensagem','Minha dúvida não foi respondida.','2025-02-10 11:44:00'),
('Felipe Duarte','fduarte@example.com','Jaboatão','81988000019','PE','Problema de acesso','Meu CPF não está sendo reconhecido.','2025-02-10 16:59:00'),
('Renata Braga','rbraga@example.com','Cabo','81988000020','PE','Solicitação','Quero saber o status do meu pedido.','2025-02-11 10:28:00');
